,precision,recall,f1-score,support
AML,0.9657960199004975,0.9645962732919254,0.9651957737725295,1610.0
APL,0.9303178484107579,0.9325980392156863,0.9314565483476132,816.0
accuracy,0.953833470733718,0.953833470733718,0.953833470733718,0.953833470733718
macro avg,0.9480569341556278,0.9485971562538058,0.9483261610600713,2426.0
weighted avg,0.9538627190201895,0.953833470733718,0.9538473780813789,2426.0
