,precision,recall,f1-score,support
AML,0.9813333333333333,0.9142857142857143,0.9466237942122186,1610.0
APL,0.8509719222462203,0.9656862745098039,0.904707233065442,816.0
accuracy,0.9315746084089035,0.9315746084089035,0.9315746084089035,0.9315746084089035
macro avg,0.9161526277897768,0.9399859943977591,0.9256655136388303,2426.0
weighted avg,0.9374854720608334,0.9315746084089035,0.9325249014274826,2426.0
